{"loss": [NaN, NaN, NaN, NaN, NaN, NaN, NaN, NaN, NaN, NaN, NaN, NaN, NaN, NaN, NaN, NaN, NaN, NaN, NaN, NaN, NaN, NaN, NaN, NaN, NaN, NaN, NaN, NaN, NaN, NaN, NaN, NaN, NaN, NaN, NaN, NaN, NaN, NaN, NaN, NaN, NaN], "mae": [NaN, NaN, NaN, NaN, NaN, NaN, NaN, NaN, NaN, NaN, NaN, NaN, NaN, NaN, NaN, NaN, NaN, NaN, NaN, NaN, NaN, NaN, NaN, NaN, NaN, NaN, NaN, NaN, NaN, NaN, NaN, NaN, NaN, NaN, NaN, NaN, NaN, NaN, NaN, NaN, NaN], "mean_q": [NaN, NaN, NaN, NaN, NaN, NaN, NaN, NaN, NaN, NaN, NaN, NaN, NaN, NaN, NaN, NaN, NaN, NaN, NaN, NaN, NaN, NaN, NaN, NaN, NaN, NaN, NaN, NaN, NaN, NaN, NaN, NaN, NaN, NaN, NaN, NaN, NaN, NaN, NaN, NaN, NaN], "episode_reward": [-320050.0, -504050.0, -304550.0, -447650.0, -318800.0, -200050.0, -681700.0, -349200.0, -542050.0, -138300.0, -232350.0, -475550.0, -505000.0, -795700.0, -366300.0, -231400.0, -256100.0, -1425550.0, -361550.0, -182950.0, -258950.0, -290300.0, -210500.0, -530000.0, -334950.0, -1265950.0, -257050.0, -116450.0, -374850.0, -282700.0, -771000.0, -284600.0, -317850.0, -328300.0, -563900.0, -615200.0, -295050.0, -371050.0, -487900.0, -222850.0, -517350.0], "nb_episode_steps": [330, 520, 310, 469, 325, 200, 707, 357, 560, 135, 234, 490, 521, 827, 375, 233, 259, 1490, 370, 182, 262, 295, 211, 550, 342, 1322, 260, 112, 384, 287, 801, 289, 324, 335, 583, 637, 300, 380, 503, 224, 534], "nb_steps": [330, 850, 1160, 1629, 1954, 2154, 2861, 3218, 3778, 3913, 4147, 4637, 5158, 5985, 6360, 6593, 6852, 8342, 8712, 8894, 9156, 9451, 9662, 10212, 10554, 11876, 12136, 12248, 12632, 12919, 13720, 14009, 14333, 14668, 15251, 15888, 16188, 16568, 17071, 17295, 17829], "episode": [0, 1, 2, 3, 4, 5, 6, 7, 8, 9, 10, 11, 12, 13, 14, 15, 16, 17, 18, 19, 20, 21, 22, 23, 24, 25, 26, 27, 28, 29, 30, 31, 32, 33, 34, 35, 36, 37, 38, 39, 40], "duration": [4.736492034000548, 6.831939612000497, 4.088195506999909, 6.347249532000205, 4.488473389999854, 2.659829214000638, 9.502674956000192, 4.968661609000264, 8.286144081001112, 1.9590112899986707, 3.295434028001182, 7.326445656999567, 8.130746830000135, 11.646629774000758, 5.079745731000003, 3.5724213299999974, 3.845610812000814, 22.1919802529992, 4.993481237999731, 2.7798671279997507, 3.876722298000459, 4.361149274000127, 3.1234282379991782, 8.13961156699952, 4.6275453549988015, 17.859909143999175, 3.3759022159993037, 1.497326336999322, 4.955124179001359, 3.6900607659990783, 10.309925350999038, 3.7530074049991526, 4.18624046900004, 4.334095457999865, 7.79745007999918, 8.375512564000019, 4.112331035999887, 5.359454664001532, 7.24838172499949, 3.1972060990010505, 7.402738376000343]}