{"initial_reset_timestamp": 1622610151.4672122, "timestamps": [1622610151.5451162, 1622610151.6487508, 1622610151.8096786, 1622610151.820588, 1622610151.9018488, 1622610152.0456233, 1622610152.0830786, 1622610152.1524746, 1622610152.187951, 1622610152.2469275, 1622610152.3777285, 1622610152.4207644, 1622610152.5850744, 1622610152.6616516, 1622610152.7373772, 1622610152.8248458, 1622610152.907731, 1622610153.077418, 1622610153.1425116, 1622610153.2347374, 1622610153.2914765, 1622610153.3384368, 1622610153.3942478, 1622610153.4866707, 1622610153.7125611, 1622610153.8152213, 1622610153.8242023, 1622610153.897949, 1622610153.9798343, 1622610154.1302307, 1622610154.2176814, 1622610154.4639776, 1622610154.5228105, 1622610154.7511747, 1622610154.8425927, 1622610154.973852, 1622610155.0374517, 1622610155.146344, 1622610155.2254562, 1622610155.3637974, 1622610155.4270124, 1622610155.4904468, 1622610155.5469646, 1622610155.5974545, 1622610155.6614661, 1622610155.7139082, 1622610155.7964373, 1622610155.9498336, 1622610156.0439572, 1622610156.2595236, 1622610156.342651, 1622610156.3972518, 1622610156.5325983, 1622610156.5742126, 1622610156.655607, 1622610156.716557, 1622610156.7385957, 1622610156.7706594, 1622610156.8151534, 1622610156.8981674, 1622610156.9443595, 1622610156.9870641, 1622610157.07508, 1622610157.1420443, 1622610157.2419674, 1622610157.299346, 1622610157.4060428, 1622610157.486026, 1622610157.5458138, 1622610157.596941, 1622610157.6732693, 1622610157.7063801, 1622610157.750593, 1622610157.865453, 1622610157.9640758, 1622610158.036195, 1622610158.0874481, 1622610158.1299574, 1622610158.23003, 1622610158.324297, 1622610158.3982487, 1622610158.4577262, 1622610158.5083065, 1622610158.6085975, 1622610158.7035112, 1622610158.7608814, 1622610158.8176596, 1622610158.8624022, 1622610158.8814373, 1622610158.9111168, 1622610158.9931638, 1622610159.036534, 1622610159.1237638, 1622610159.1748164, 1622610159.234525, 1622610159.4676065, 1622610159.5925329, 1622610159.6553652, 1622610159.8614526, 1622610159.9327126, 1622610160.022319, 1622610160.0407798, 1622610160.151572, 1622610160.1987133, 1622610160.367275, 1622610160.4215498, 1622610160.509665, 1622610160.5913641, 1622610160.6483898, 1622610160.6965086, 1622610160.8314304, 1622610160.986793, 1622610161.0469644, 1622610161.0719554, 1622610161.1235266, 1622610161.1833396, 1622610161.3326845, 1622610161.389522, 1622610161.4374392, 1622610161.602101, 1622610161.6483405, 1622610161.8045838, 1622610161.892438, 1622610161.9860835, 1622610162.0510855, 1622610162.1259375, 1622610162.1695926, 1622610162.2082417, 1622610162.3329751, 1622610162.5134032, 1622610162.5566661, 1622610162.604737, 1622610162.626768, 1622610162.7026114, 1622610162.7975862, 1622610162.88945, 1622610162.944155, 1622610163.133717, 1622610163.2942657, 1622610163.383511, 1622610163.4318938, 1622610163.5157728, 1622610163.6520529, 1622610163.7741542, 1622610163.810475, 1622610163.8508887, 1622610164.0059829, 1622610164.0580873, 1622610164.1103418, 1622610164.1872706, 1622610164.2245004, 1622610164.3268828, 1622610164.3994405, 1622610165.087086, 1622610165.2040048, 1622610165.252588, 1622610165.2897396, 1622610165.4184759, 1622610165.5894823, 1622610165.7317965, 1622610165.7623775, 1622610165.9224663, 1622610166.1384563, 1622610166.329935, 1622610166.5075195, 1622610166.6764607, 1622610166.780476, 1622610166.9145558, 1622610166.9284325, 1622610167.0307908, 1622610167.1573896, 1622610167.2190394, 1622610167.3002515, 1622610167.707947, 1622610167.9227068, 1622610167.9771378, 1622610168.052309, 1622610168.1082957, 1622610168.137631, 1622610168.2550855, 1622610168.3188815, 1622610168.3953576, 1622610168.550951, 1622610168.7042189, 1622610168.7953484, 1622610168.8536928, 1622610168.91781, 1622610168.9627507, 1622610169.0767112, 1622610169.1636662, 1622610169.190541, 1622610169.2293096, 1622610169.295222, 1622610169.3560371, 1622610169.4381325, 1622610169.5304654, 1622610169.5820584, 1622610169.6524768, 1622610169.6983383, 1622610169.7492464, 1622610169.776371, 1622610169.831078, 1622610169.911481, 1622610169.9482126, 1622610170.1973996, 1622610170.2609842, 1622610170.393309, 1622610170.4467638, 1622610170.468658, 1622610170.5908058, 1622610170.6487954, 1622610170.69042, 1622610170.824188, 1622610170.8607113, 1622610170.887509, 1622610170.955226, 1622610171.0415099, 1622610171.0998251, 1622610171.1565144, 1622610171.2790487, 1622610171.6373868, 1622610171.8686578, 1622610171.9107938, 1622610172.104103, 1622610172.196496, 1622610172.215556, 1622610172.2501605, 1622610172.276196, 1622610172.342897, 1622610172.3915436, 1622610172.4527507, 1622610172.5264816, 1622610172.6607785, 1622610172.7903268, 1622610172.942865, 1622610172.9809003, 1622610173.086837, 1622610173.1806998, 1622610173.2345119, 1622610173.2848077, 1622610173.3346088, 1622610173.6061296, 1622610173.8189068, 1622610173.925079, 1622610174.0760822, 1622610174.1325028, 1622610174.1596303, 1622610174.1716366, 1622610174.2473764, 1622610174.297974, 1622610174.3252559, 1622610174.4184828, 1622610174.546235, 1622610174.614946, 1622610174.7907035, 1622610174.8344388, 1622610174.9327323, 1622610174.9947479, 1622610175.2147334, 1622610175.2395866, 1622610175.2765462, 1622610175.358725, 1622610175.3741305, 1622610175.4250283, 1622610175.4798026, 1622610175.5418968, 1622610175.586431, 1622610175.6945267, 1622610175.7119126, 1622610175.7431788, 1622610175.7966392, 1622610176.017466, 1622610176.1380944, 1622610176.1897056, 1622610176.2533352, 1622610176.344538, 1622610176.4324572, 1622610176.5610626, 1622610176.6444097, 1622610176.7862985, 1622610176.850482, 1622610176.9099207, 1622610176.9432702, 1622610177.0439126, 1622610177.073357, 1622610177.1258483, 1622610177.1653323, 1622610177.264805, 1622610177.34368, 1622610177.3802078, 1622610177.4063609, 1622610177.4345267, 1622610177.483798, 1622610177.5634499, 1622610177.6933696, 1622610177.733651, 1622610177.841338, 1622610177.8880365, 1622610177.9563248, 1622610178.2436712, 1622610178.2749212, 1622610178.3469822, 1622610178.436629, 1622610178.471579, 1622610178.5521111, 1622610178.6185446, 1622610178.8043911, 1622610178.8518658, 1622610178.9661937, 1622610179.0631275, 1622610179.1026685, 1622610179.1287062, 1622610179.2438412, 1622610179.2730172, 1622610179.3763993, 1622610179.4531426, 1622610179.4996152, 1622610179.5986347, 1622610179.6239069, 1622610179.7613664, 1622610179.8486376, 1622610179.954067, 1622610180.0424352, 1622610180.1437628, 1622610180.2086184, 1622610180.24813, 1622610180.5072715, 1622610180.5934384, 1622610180.6578753, 1622610180.7391937, 1622610180.8081899, 1622610180.9771595, 1622610181.1171703, 1622610181.2439826, 1622610181.2727938, 1622610181.2976677, 1622610181.3511121, 1622610181.4130871, 1622610181.4863129, 1622610181.5313144, 1622610181.6301389, 1622610181.6922379, 1622610181.7925797, 1622610181.827893, 1622610181.9254353, 1622610182.0323, 1622610182.1128523, 1622610182.183368, 1622610182.2411563, 1622610182.3078582, 1622610182.3249426, 1622610182.3681788, 1622610182.4389722, 1622610182.594376, 1622610182.6500769, 1622610182.6978219, 1622610182.757932, 1622610182.8434007, 1622610182.9277606, 1622610182.9917958, 1622610183.053011, 1622610183.1869154, 1622610183.3098102, 1622610183.333787, 1622610183.4864683, 1622610183.5429747, 1622610183.7019598, 1622610183.8094013, 1622610183.889935, 1622610184.0636117, 1622610184.2184114, 1622610184.3168375, 1622610184.8144205, 1622610184.9199255, 1622610184.9412332, 1622610185.1466591, 1622610185.2297952, 1622610185.3400104, 1622610185.3744204, 1622610185.467097, 1622610185.4945009, 1622610185.549631, 1622610185.5765896, 1622610185.6804368, 1622610185.7003899, 1622610185.8238306, 1622610185.8507109, 1622610185.9548628, 1622610186.0431705, 1622610186.0965297, 1622610186.1282701, 1622610186.2158523, 1622610186.3502917, 1622610186.5068412, 1622610186.613322, 1622610186.6373818, 1622610186.734284, 1622610186.9299085, 1622610187.0052485, 1622610187.0263348, 1622610187.0669968, 1622610187.1451507, 